feature,family,information_gain,random_forest_importance,xgboost_importance,information_gain_rank,random_forest_importance_rank,xgboost_importance_rank,mean_rank
zcr_std,zcr,1.5108706038167539,0.006454836565044394,0.0064244145,25,2,23,16.666666666666668
mfcc_12_std,mfcc,1.5126911251867958,0.005811775851055798,0.006365959,15,15,25,18.333333333333332
mfcc_5_mean,mfcc,1.510673795772117,0.005744215342559391,0.007185481,29,21,8,19.333333333333332
mfcc_1_mean,mfcc,1.5103382320858296,0.005689617584000776,0.0067101223,32,23,13,22.666666666666668
mfcc_3_mean,mfcc,1.5114882243396084,0.006238938522871242,0.005884793,22,4,44,23.333333333333332
spectral_centroid_std,spectral_centroid,1.5079164838692962,0.006177288299297166,0.011258779,65,7,1,24.333333333333332
chroma_4_std,chroma,1.5176664546121406,0.0054351591678034475,0.0063988813,4,48,24,25.333333333333332
chroma_6_std,chroma,1.5167645320551135,0.005563550036593509,0.005770745,7,35,50,30.666666666666668
chroma_5_std,chroma,1.5129740052293148,0.0055439668412765675,0.0059235,13,38,42,31.0
mfcc_4_mean,mfcc,1.5096605193902426,0.006559069674093545,0.00571896,40,1,54,31.666666666666668
mfcc_3_std,mfcc,1.5102327664599893,0.005529952789659113,0.0058126342,33,40,48,40.333333333333336
mfcc_delta_5_mean,mfcc_delta,1.5094624049484235,0.005437348309207558,0.0061334567,42,47,33,40.666666666666664
chroma_4_mean,chroma,1.5118858954017098,0.005560149417193884,0.0053628096,18,36,71,41.666666666666664
gfcc_5_mean,gfcc,1.5088792504923334,0.00622516259388167,0.005181167,52,5,83,46.666666666666664
mfcc_4_std,mfcc,1.5042661466117082,0.006223029057831405,0.0074509396,130,6,5,47.0
mfcc_delta_1_std,mfcc_delta,1.5056801540495142,0.005754928481944844,0.0068416474,112,20,12,48.0
gfcc_4_mean,gfcc,1.5035391252967432,0.006313941834410839,0.007472284,139,3,4,48.666666666666664
mfcc_delta_4_std,mfcc_delta,1.507634807929271,0.005617470972410705,0.0056713754,70,27,58,51.666666666666664
mfcc_12_mean,mfcc,1.508185386624938,0.006057546438761123,0.005093569,62,9,89,53.333333333333336
chroma_3_std,chroma,1.5193876892304918,0.0052222504555757545,0.0054024463,3,89,70,54.0
mfcc_delta2_6_std,mfcc_delta2,1.5174408034379627,0.0052476264507104195,0.005339275,6,83,73,54.0
mfcc_2_std,mfcc,1.504642612240623,0.0058469005991379054,0.0062759276,124,14,29,55.666666666666664
gfcc_8_mean,gfcc,1.5025181516642516,0.005968906238050602,0.0070035863,150,10,9,56.333333333333336
mfcc_1_std,mfcc,1.504340886535151,0.005792098879827621,0.006214989,128,17,32,59.0
mfcc_6_mean,mfcc,1.5049745886085402,0.005893727410648646,0.0058775563,122,12,45,59.666666666666664
mfcc_11_mean,mfcc,1.5053899071351031,0.005932338916213342,0.0057309465,116,11,53,60.0
chroma_7_std,chroma,1.5136060529014186,0.005589179075329331,0.0045361617,11,30,140,60.333333333333336
gfcc_delta_12_mean,gfcc_delta,1.5119466852981462,0.005430317953995353,0.0047990684,17,49,116,60.666666666666664
mfcc_delta2_1_std,mfcc_delta2,1.5115866131104756,0.00520983086583382,0.005344427,21,91,72,61.333333333333336
mfcc_delta_12_std,mfcc_delta,1.5091693896179494,0.0054680827310455,0.0050297827,48,44,94,62.0
gfcc_3_mean,gfcc,1.5059374576493072,0.006119958732214643,0.005286147,104,8,75,62.333333333333336
gfcc_2_mean,gfcc,1.519694902521323,0.005076929387628475,0.0056870254,2,129,57,62.666666666666664
spectral_flux_std,spectral_flux,1.5160937591967913,0.004888403698244986,0.006259805,9,152,30,63.666666666666664
mfcc_10_mean,mfcc,1.5087247922082405,0.005568996290062701,0.004859346,53,32,108,64.33333333333333
mfcc_delta_8_std,mfcc_delta,1.5085004584193007,0.005258798816001747,0.0056221774,56,77,60,64.33333333333333
mfcc_11_std,mfcc,1.5063750791313142,0.005308064645186079,0.0059677134,92,63,39,64.66666666666667
gfcc_2_std,gfcc,1.517636470241801,0.0048577353814766066,0.00610723,5,154,35,64.66666666666667
gfcc_6_mean,gfcc,1.5045144976347915,0.005798961569527527,0.0057125976,125,16,55,65.33333333333333
mfcc_delta2_0_std,mfcc_delta2,1.5036225240680048,0.005504694345894982,0.0065663178,137,42,17,65.33333333333333
chroma_0_std,chroma,1.5070089295763875,0.005212316171479602,0.0063075945,79,90,27,65.33333333333333
gfcc_10_mean,gfcc,1.5063974346538818,0.005357828835752137,0.0058001485,91,58,49,66.0
gfcc_delta2_10_std,gfcc_delta2,1.524790078950721,0.004608293097791697,0.006504094,1,180,19,66.66666666666667
zcr_mean,zcr,1.5063737726265627,0.005629129300880583,0.0050968817,93,26,88,69.0
gfcc_delta2_11_std,gfcc_delta2,1.508258797137552,0.005067715251637461,0.0066090897,61,131,16,69.33333333333333
mfcc_delta2_11_std,mfcc_delta2,1.505565024264026,0.005249422410331957,0.0066697937,113,81,14,69.33333333333333
gfcc_delta2_8_std,gfcc_delta2,1.510576488936348,0.004669160524574375,0.007247884,30,172,7,69.66666666666667
mfcc_6_std,mfcc,1.50680209782288,0.005380691999165275,0.0052595763,83,51,77,70.33333333333333
chroma_0_mean,chroma,1.507062180570242,0.00529297813682329,0.0054371413,77,66,68,70.33333333333333
gfcc_delta2_4_std,gfcc_delta2,1.5099999589996285,0.004659146440514015,0.0077266768,36,174,3,71.0
mfcc_5_std,mfcc,1.509220470473818,0.005286220979720937,0.004988754,46,70,99,71.66666666666667
spectral_bandwidth_std,spectral_bandwidth,1.4939326129519035,0.005860824576062556,0.006628804,189,13,15,72.33333333333333
chroma_6_mean,chroma,1.5065411294824966,0.005315592163000232,0.0054190466,87,62,69,72.66666666666667
chroma_2_mean,chroma,1.5063349111555393,0.00514953151890071,0.0068429476,95,113,11,73.0
mfcc_delta_9_std,mfcc_delta,1.5099068476774409,0.005039481167900359,0.005743697,38,133,51,74.0
gfcc_delta2_10_mean,gfcc_delta2,1.509181758635004,0.005283400841301868,0.004878016,47,72,106,75.0
gfcc_9_mean,gfcc,1.50600571297672,0.0056093150936259275,0.005001841,102,28,97,75.66666666666667
f0_std,f0,1.425149768143723,0.005659775900517172,0.0065069837,191,25,18,78.0
mfcc_delta_11_std,mfcc_delta,1.506883207189093,0.005155920547430847,0.0058234287,81,108,46,78.33333333333333
chroma_2_std,chroma,1.5076914695116757,0.005454424326149615,0.0047539324,68,45,124,79.0
gfcc_delta_3_mean,gfcc_delta,1.5071662370998733,0.005361100737727051,0.0048522917,76,57,109,80.66666666666667
chroma_1_std,chroma,1.508991479512456,0.005141210665325559,0.0052565276,51,115,78,81.33333333333333
mfcc_delta2_10_mean,mfcc_delta2,1.5090841912601778,0.00520623857717989,0.004937856,49,94,101,81.33333333333333
gfcc_delta_2_mean,gfcc_delta,1.510851618643207,0.004987139594417597,0.0052491343,26,140,79,81.66666666666667
mfcc_7_mean,mfcc,1.501008430639038,0.005784981292174183,0.005620151,166,18,62,82.0
mfcc_delta2_9_std,mfcc_delta2,1.5058069441687787,0.005188097012722747,0.0058205123,106,97,47,83.33333333333333
mfcc_delta2_5_std,mfcc_delta2,1.502280124537801,0.005509530901802653,0.0056892554,154,41,56,83.66666666666667
gfcc_6_std,gfcc,1.5102302110405603,0.004595646839837801,0.0059972736,34,181,38,84.33333333333333
chroma_3_mean,chroma,1.5034112390142838,0.005695802600405059,0.0050886623,142,22,90,84.66666666666667
gfcc_10_std,gfcc,1.5084827192336925,0.004693425870794675,0.0062781856,58,168,28,84.66666666666667
mfcc_0_std,mfcc,1.5002154822424718,0.0057817303214800116,0.0055128406,171,19,65,85.0
gfcc_delta_10_mean,gfcc_delta,1.5057080169613632,0.0052481356908615825,0.005603318,111,82,63,85.33333333333333
mfcc_delta2_4_std,mfcc_delta2,1.5025547542823334,0.005361803378028692,0.0057410616,149,56,52,85.66666666666667
mfcc_delta_9_mean,mfcc_delta,1.5076531687097892,0.005209725438540566,0.00499219,69,92,98,86.33333333333333
gfcc_delta2_9_std,gfcc_delta2,1.5132896571415169,0.004347788401800581,0.0056611537,12,189,59,86.66666666666667
gfcc_delta2_12_std,gfcc_delta2,1.5116047410748947,0.004850182891835184,0.0051485226,20,156,86,87.33333333333333
spectral_centroid_mean,spectral_centroid,1.5084969718636705,0.005376145536974034,0.004403297,57,53,153,87.66666666666667
gfcc_delta2_3_std,gfcc_delta2,1.5080872009745863,0.004751428129824464,0.0059512514,63,162,40,88.33333333333333
mfcc_delta_3_mean,mfcc_delta,1.5107126402028888,0.005160581295337468,0.0046284585,28,107,131,88.66666666666667
gfcc_3_std,gfcc,1.5077794226855963,0.004748353215427695,0.0060039484,67,163,37,89.0
mfcc_delta_3_std,mfcc_delta,1.5073670135605393,0.005176457252545611,0.0050243796,72,101,95,89.33333333333333
gfcc_delta_1_mean,gfcc_delta,1.500136519099089,0.00530034676443027,0.006112106,173,64,34,90.33333333333333
mfcc_2_mean,mfcc,1.5058997007056434,0.005492538058964167,0.0047608535,105,43,123,90.33333333333333
gfcc_7_mean,gfcc,1.5062244838536254,0.00557937446798349,0.004433175,97,31,149,92.33333333333333
mfcc_delta_12_mean,mfcc_delta,1.5094482233233062,0.00523227272950211,0.0045093875,43,88,146,92.33333333333333
gfcc_delta_8_mean,gfcc_delta,1.5061223105925783,0.005377415750136011,0.0046617887,99,52,127,92.66666666666667
mfcc_delta_10_mean,mfcc_delta,1.5128997936686597,0.005276485848799112,0.0034202968,14,73,191,92.66666666666667
chroma_1_mean,chroma,1.5099744224163327,0.004893833016551546,0.0050427914,37,150,92,93.0
gfcc_delta2_1_std,gfcc_delta2,1.5038049215162985,0.005039005419813058,0.0069538318,136,134,10,93.33333333333333
mfcc_delta2_2_std,mfcc_delta2,1.503438711164237,0.005272317095059378,0.005577353,141,75,64,93.33333333333333
mfcc_delta2_8_std,mfcc_delta2,1.5059694551806004,0.0054029208726441924,0.0046486645,103,50,129,94.0
gfcc_12_mean,gfcc,1.5057716772103495,0.0052868635653113534,0.004881866,108,69,105,94.0
rms_std,rms,1.5060528805593916,0.004980248343638543,0.0059487447,100,141,41,94.0
gfcc_delta_7_std,gfcc_delta,1.5073531539738636,0.004282449282330652,0.0064688735,74,191,20,95.0
mfcc_delta_2_std,mfcc_delta,1.5024163776827772,0.0054491882640213315,0.0051451344,152,46,87,95.0
gfcc_delta_6_std,gfcc_delta,1.5158532016402868,0.004971882177893389,0.004578666,10,142,137,96.33333333333333
spectral_bandwidth_mean,spectral_bandwidth,1.497516357011103,0.005606428053763029,0.005289739,186,29,74,96.33333333333333
chroma_7_mean,chroma,1.516194014070762,0.004947661760286199,0.0045825522,8,146,136,96.66666666666667
gfcc_delta2_4_mean,gfcc_delta2,1.5064264440840298,0.0052979851299065316,0.0045603034,89,65,139,97.66666666666667
mfcc_9_mean,mfcc,1.4994934343008983,0.005566748421848052,0.005228603,178,33,82,97.66666666666667
gfcc_11_mean,gfcc,1.505174305151711,0.005565690065855045,0.0045227674,119,34,141,98.0
gfcc_delta_5_std,gfcc_delta,1.5064889872743759,0.004658475207308687,0.006248034,88,175,31,98.0
gfcc_5_std,gfcc,1.5104590551499113,0.004745646988543067,0.0049769995,31,164,100,98.33333333333333
mfcc_delta_11_mean,mfcc_delta,1.5077963741515832,0.005255019981376818,0.0043047504,66,79,157,100.66666666666667
chroma_8_std,chroma,1.5079333334821008,0.004822236253230526,0.005244919,64,158,81,101.0
gfcc_delta2_0_std,gfcc_delta2,1.5040371407655888,0.005062292270177105,0.0060319602,135,132,36,101.0
chroma_11_mean,chroma,1.5112635791840177,0.0051766584504928876,0.003870207,23,100,182,101.66666666666667
mfcc_delta_6_std,mfcc_delta,1.5040489947752362,0.005372322658558575,0.004792156,134,54,117,101.66666666666667
mfcc_10_std,mfcc,1.5108372011721922,0.004919841706869342,0.004633594,27,149,130,102.0
gfcc_1_std,gfcc,1.5041447606752474,0.0051444067414420066,0.0056217997,131,114,61,102.0
mfcc_delta2_12_mean,mfcc_delta2,1.5097705084431083,0.005258239622021018,0.0034430108,39,78,190,102.33333333333333
gfcc_delta_7_mean,gfcc_delta,1.5086990184296893,0.005243920516493076,0.0041296706,54,84,170,102.66666666666667
gfcc_delta_0_std,gfcc_delta,1.4985884349957792,0.005105738238871551,0.009569133,182,124,2,102.66666666666667
mfcc_8_mean,mfcc,1.498701311578849,0.005683945638011864,0.004888,181,24,104,103.0
gfcc_delta2_7_std,gfcc_delta2,1.506220166698717,0.0043258560005848355,0.006440949,98,190,21,103.0
mfcc_delta2_6_mean,mfcc_delta2,1.5072599728797402,0.005275536671978551,0.004224285,75,74,161,103.33333333333333
chroma_8_mean,chroma,1.507539201947672,0.0048902350035971215,0.005060715,71,151,91,104.33333333333333
gfcc_delta_1_std,gfcc_delta,1.512216234214485,0.004760739637832114,0.004565354,16,161,138,105.0
gfcc_delta2_0_mean,gfcc_delta2,1.5065657518339088,0.00517242050978038,0.0046616136,86,103,128,105.66666666666667
gfcc_delta_4_std,gfcc_delta,1.5090058724704472,0.004547423537103248,0.005150512,50,184,85,106.33333333333333
gfcc_delta2_3_mean,gfcc_delta2,1.5095067003514098,0.005153812098559256,0.0041509736,41,110,168,106.33333333333333
mfcc_delta2_7_std,mfcc_delta2,1.4998702729400935,0.005336617347601173,0.00517797,176,60,84,106.66666666666667
mfcc_delta_0_std,mfcc_delta,1.5101761594640335,0.0051840292588544315,0.0035043482,35,98,188,107.0
gfcc_delta_10_std,gfcc_delta,1.5117795040731852,0.004486697392811913,0.004803824,19,187,115,107.0
mfcc_delta2_11_mean,mfcc_delta2,1.5073559120661735,0.005137166670754655,0.0045958804,73,116,134,107.66666666666667
chroma_10_std,chroma,1.505779907490878,0.005169924158419998,0.004825136,107,105,113,108.33333333333333
mfcc_delta2_8_mean,mfcc_delta2,1.503546095841832,0.005290507149959118,0.0047764536,138,68,119,108.33333333333333
gfcc_1_mean,gfcc,1.5043935366889527,0.004617099171452045,0.0064245234,126,178,22,108.66666666666667
mfcc_delta_10_std,mfcc_delta,1.5111113705106034,0.005030466458483356,0.004171053,24,135,167,108.66666666666667
mfcc_delta_7_std,mfcc_delta,1.505180731140336,0.0049235883933151665,0.005500914,118,148,66,110.66666666666667
gfcc_delta_6_mean,gfcc_delta,1.5009684324336443,0.00536241604397876,0.0048514064,167,55,110,110.66666666666667
mfcc_delta_6_mean,mfcc_delta,1.5013166284967356,0.0052910759936958965,0.004933172,164,67,102,111.0
mfcc_delta2_0_mean,mfcc_delta2,1.5024551452607948,0.00553023171186692,0.004465831,151,39,148,112.66666666666667
mfcc_delta_0_mean,mfcc_delta,1.5065846161975331,0.005108511750670911,0.0045190556,85,122,143,116.66666666666667
chroma_5_mean,chroma,1.5027506863216016,0.005334344972449481,0.0045187413,147,61,144,117.33333333333333
gfcc_delta2_9_mean,gfcc_delta2,1.5013447836756986,0.005232619072287939,0.0048969993,163,87,103,117.66666666666667
mfcc_9_std,mfcc,1.5070606381996534,0.005110916027095087,0.004393807,78,121,154,117.66666666666667
chroma_10_mean,chroma,1.504101938955204,0.004969199129887344,0.0052488046,132,143,80,118.33333333333333
gfcc_delta2_6_std,gfcc_delta2,1.5068474434425052,0.004943638502105873,0.0046886033,82,147,126,118.33333333333333
gfcc_delta2_8_mean,gfcc_delta2,1.505240709997654,0.0053477269089377685,0.004073912,117,59,179,118.33333333333333
gfcc_0_mean,gfcc,1.5010350459341617,0.004449497469054712,0.0073636062,165,188,6,119.66666666666667
chroma_9_mean,chroma,1.5069514334694472,0.004763449678150485,0.0047650584,80,160,121,120.33333333333333
mfcc_delta_1_mean,mfcc_delta,1.5060449328005299,0.005253373794722371,0.0038159376,101,80,184,121.66666666666667
mfcc_delta_7_mean,mfcc_delta,1.5057632797604992,0.005285922354657164,0.0037015802,109,71,187,122.33333333333333
gfcc_delta_3_std,gfcc_delta,1.5093966751788872,0.004724860885792959,0.0042567295,44,165,159,122.66666666666667
mfcc_delta2_4_mean,mfcc_delta2,1.5067913328870204,0.00514978885931079,0.0040167733,84,111,181,125.33333333333333
rms_mean,rms,1.50439069991835,0.004668721041968903,0.005271204,127,173,76,125.33333333333333
mfcc_delta_8_mean,mfcc_delta,1.5001594409112962,0.005183430079372254,0.004860691,172,99,107,126.0
mfcc_delta_2_mean,mfcc_delta,1.5023829057277265,0.005206978517560931,0.004602001,153,93,133,126.33333333333333
gfcc_delta_4_mean,gfcc_delta,1.5084796218013068,0.005016525758167903,0.0037120273,59,136,186,127.0
gfcc_8_std,gfcc,1.5063599657760176,0.0046331434462223734,0.004847803,94,177,111,127.33333333333333
mfcc_delta2_12_std,mfcc_delta2,1.4989121295006096,0.0055537414408228,0.0042014234,180,37,165,127.33333333333333
gfcc_delta2_5_mean,gfcc_delta2,1.5043144112863769,0.005067834836961684,0.0047027855,129,130,125,128.0
f0_mean,f0,1.4189307533906297,0.0048702425349185915,0.005906493,192,153,43,129.33333333333334
mfcc_delta2_10_std,mfcc_delta2,1.506231332297485,0.0051318525323337735,0.0040924926,96,118,176,130.0
gfcc_delta2_2_std,gfcc_delta2,1.5092234647507405,0.0047088999543482765,0.004034362,45,166,180,130.33333333333334
gfcc_11_std,gfcc,1.506417673185594,0.004677994369774776,0.004602601,90,170,132,130.66666666666666
mfcc_delta2_3_std,mfcc_delta2,1.4985011777108936,0.00519225850087367,0.004807338,183,95,114,130.66666666666666
gfcc_delta2_7_mean,gfcc_delta2,1.5032966406034134,0.005080993397094915,0.00476113,144,128,122,131.33333333333334
gfcc_delta_11_mean,gfcc_delta,1.5040869245854693,0.005117721386420359,0.0045203506,133,119,142,131.33333333333334
chroma_9_std,chroma,1.5022539647943618,0.005108017335311879,0.0047808555,155,123,118,132.0
gfcc_4_std,gfcc,1.5051202176515586,0.004830547055639899,0.0047690817,120,157,120,132.33333333333334
mfcc_8_std,mfcc,1.4994571592678885,0.005102281106346945,0.005014665,179,125,96,133.33333333333334
gfcc_delta_12_std,gfcc_delta,1.505479908377687,0.005085694095430479,0.0042326413,114,127,160,133.66666666666666
gfcc_delta_9_std,gfcc_delta,1.4980580350312636,0.004168505955806337,0.006339695,184,192,26,134.0
mfcc_0_mean,mfcc,1.5030446662890176,0.00469683432248835,0.005036353,146,167,93,135.33333333333334
mfcc_delta_5_std,mfcc_delta,1.500075440682886,0.005238547717104489,0.0045122104,175,86,145,135.33333333333334
gfcc_9_std,gfcc,1.5018905651985195,0.004509326409262914,0.0054971785,159,185,67,137.0
gfcc_delta2_6_mean,gfcc_delta2,1.5015729517119978,0.004999189926127137,0.004834103,160,139,112,137.0
gfcc_delta_2_std,gfcc_delta,1.5083320906882267,0.004612432547025902,0.004074873,60,179,178,139.0
gfcc_7_std,gfcc,1.5086959403710285,0.004504028500746871,0.004081568,55,186,177,139.33333333333334
mfcc_delta2_5_mean,mfcc_delta2,1.5027061245047404,0.005149671757203331,0.004218172,148,112,163,141.0
mfcc_delta2_2_mean,mfcc_delta2,1.500283699545678,0.00517186456639076,0.0044304235,170,104,150,141.33333333333334
gfcc_delta2_11_mean,gfcc_delta2,1.4965321389223394,0.005175160270859503,0.0045833606,187,102,135,141.33333333333334
gfcc_delta_9_mean,gfcc_delta,1.5050217156761039,0.00501378467109856,0.0041995603,121,138,166,141.66666666666666
gfcc_delta_5_mean,gfcc_delta,1.501519931434622,0.0051632575062954935,0.004220601,161,106,162,143.0
chroma_11_std,chroma,1.5057222554334722,0.004851232022831465,0.004210951,110,155,164,143.0
mfcc_delta2_7_mean,mfcc_delta2,1.4964532292909611,0.005189779829236213,0.0044193263,188,96,151,145.0
mfcc_delta2_9_mean,mfcc_delta2,1.503523993825998,0.005087724459644595,0.004128615,140,126,171,145.66666666666666
gfcc_delta2_12_mean,gfcc_delta2,1.500327216854787,0.0052415864400719055,0.0038310373,169,85,183,145.66666666666666
gfcc_delta2_1_mean,gfcc_delta2,1.4979698772711076,0.005155145410564265,0.004409162,185,109,152,148.66666666666666
gfcc_delta_0_mean,gfcc_delta,1.5031718802171352,0.004956799071058653,0.0043169614,145,145,156,148.66666666666666
gfcc_delta2_5_std,gfcc_delta2,1.5049638379832135,0.004789990559573062,0.0041356306,123,159,169,150.33333333333334
mfcc_delta_4_mean,mfcc_delta,1.5022425053156154,0.00511135185846242,0.0040980256,156,120,175,150.33333333333334
mfcc_delta2_3_mean,mfcc_delta2,1.4908520303990316,0.0052681871450947874,0.0034809809,190,76,189,151.66666666666666
gfcc_delta2_2_mean,gfcc_delta2,1.5022260060443526,0.005135715561846657,0.0038069051,157,117,185,153.0
mfcc_delta2_1_mean,mfcc_delta2,1.5015001125587684,0.004962560697356056,0.004117252,162,144,173,159.66666666666666
mfcc_7_std,mfcc,1.500097116133877,0.005015343285710725,0.0041243243,174,137,172,161.0
gfcc_delta_11_std,gfcc_delta,1.500621643351647,0.0046836341268623695,0.004503456,168,169,147,161.33333333333334
spectral_flux_mean,spectral_flux,1.5021325296061776,0.004675030660651512,0.004299526,158,171,158,162.33333333333334
gfcc_delta_8_std,gfcc_delta,1.5054771953092017,0.004583107863748362,0.0032602774,115,182,192,163.0
gfcc_12_std,gfcc,1.5033780100841894,0.004549924587935383,0.0041156746,143,183,174,166.66666666666666
gfcc_0_std,gfcc,1.499736418469217,0.004634887750379016,0.004376956,177,176,155,169.33333333333334
